AD,AN,AS,AT,GB,KN,KR,PJ,SA,SK,SS,SV,
0,0,0,0,0,0,0,0,0,0,0,0,
0,0,0,100.0,0.0,0,0,0,100.0,0,0,0.0,
0,0,100.0,100.0,0.0,0,0,0,100.0,0.0,0,0.0,
0,0,100.0,100.0,0.0,0,0,0,50.0,50.0,0,0.0,
0,0,100.0,66.66666666666667,0.0,0,0,0,66.66666666666667,50.0,0,33.333333333333336,
0,0,100.0,50.0,0.0,0,0,0,66.66666666666667,33.333333333333336,0,50.0,
0,0,100.0,50.0,0.0,0,0,0,75.0,25.0,0,50.0,
0,0,100.0,60.0,0.0,0,0,0,60.0,20.0,0,50.0,
0,0,100.0,50.0,0.0,100.0,0,0,66.66666666666667,20.0,0,40.0,
0,0,100.0,50.0,0.0,100.0,0.0,0,66.66666666666667,20.0,0,33.333333333333336,
0,0,85.71428571428571,57.142857142857146,0.0,100.0,0.0,0,71.42857142857143,20.0,0,33.333333333333336,
0,0,85.71428571428571,50.0,0.0,66.66666666666667,0.0,0,75.0,20.0,0,42.857142857142854,
0,0,87.5,50.0,0.0,50.0,0.0,0,75.0,20.0,0,50.0,
0,0,77.77777777777777,50.0,0.0,60.0,0.0,0,66.66666666666667,20.0,0,55.55555555555556,
0,0,77.77777777777777,50.0,0.0,66.66666666666667,0.0,0,70.0,20.0,0,50.0,
0,0,77.77777777777777,55.55555555555556,0.0,57.142857142857146,0.0,0,63.63636363636363,20.0,0,54.54545454545455,
0,0,77.77777777777777,60.0,0.0,62.5,0.0,0,63.63636363636363,16.666666666666668,0,50.0,
0,0,77.77777777777777,63.63636363636363,0.0,55.55555555555556,0.0,0,66.66666666666667,14.285714285714286,0,50.0,
0,0,77.77777777777777,58.333333333333336,0.0,60.0,0.0,0,61.53846153846154,14.285714285714286,0,53.84615384615385,
0,0,77.77777777777777,53.84615384615385,0.0,60.0,0.0,0,64.28571428571429,12.5,0,57.142857142857146,
0,0,77.77777777777777,53.84615384615385,0.0,54.54545454545455,0.0,0,60.0,22.22222222222222,0,60.0,
0,0,77.77777777777777,50.0,0.0,58.333333333333336,0.0,0,60.0,20.0,0,62.5,
0,0,80.0,50.0,0.0,53.84615384615385,0.0,0,56.25,20.0,0,64.70588235294117,
0,0,72.72727272727273,53.333333333333336,0.0,53.84615384615385,0.0,0,58.8235294117647,18.181818181818183,0,64.70588235294117,
0,0,72.72727272727273,50.0,0.0,57.142857142857146,0.0,0,58.8235294117647,25.0,0,61.111111111111114,
0,0,66.66666666666667,50.0,0.0,53.333333333333336,0.0,0,61.111111111111114,25.0,0,63.1578947368421,
0,0,69.23076923076923,47.05882352941177,0.0,53.333333333333336,0.0,0,63.1578947368421,23.076923076923077,0,63.1578947368421,
0,0,69.23076923076923,50.0,0.0,56.25,0.0,0,63.1578947368421,21.428571428571427,0,60.0,
0,0,64.28571428571429,47.36842105263158,0.0,56.25,20.0,0,65.0,21.428571428571427,0,60.0,
0,0,60.0,47.36842105263158,0.0,56.25,20.0,0,66.66666666666667,20.0,0,61.904761904761905,
0,0,60.0,45.0,0.0,56.25,33.333333333333336,0,66.66666666666667,18.75,0,63.63636363636363,
0,0,56.25,47.61904761904762,0.0,56.25,28.571428571428573,0,68.18181818181819,18.75,0,63.63636363636363,
0,0,58.8235294117647,47.61904761904762,0.0,56.25,28.571428571428573,0,65.21739130434783,17.647058823529413,0,65.21739130434783,
0,0,58.8235294117647,45.45454545454545,0.0,56.25,25.0,0,65.21739130434783,22.22222222222222,0,66.66666666666667,
0,0,58.8235294117647,47.82608695652174,0.0,56.25,22.22222222222222,0,66.66666666666667,21.05263157894737,0,66.66666666666667,
0,0,58.8235294117647,45.833333333333336,0.0,56.25,22.22222222222222,0,68.0,25.0,0,64.0,
0,0,58.8235294117647,44.0,0.0,56.25,20.0,0,69.23076923076923,25.0,0,65.38461538461539,
0,0,61.111111111111114,44.0,0.0,56.25,18.181818181818183,0,70.37037037037037,25.0,0,62.96296296296296,
0,0,57.89473684210526,46.15384615384615,0.0,56.25,18.181818181818183,0,71.42857142857143,25.0,0,60.714285714285715,
0,0,57.89473684210526,44.44444444444444,0.0,58.8235294117647,16.666666666666668,0,71.42857142857143,25.0,0,62.06896551724138,
0,0,60.0,44.44444444444444,0.0,61.111111111111114,15.384615384615385,0,68.96551724137932,25.0,0,62.06896551724138,
0,0,61.904761904761905,46.42857142857143,0.0,61.111111111111114,15.384615384615385,0,66.66666666666667,25.0,0,60.0,
0,0,63.63636363636363,44.827586206896555,0.0,57.89473684210526,15.384615384615385,0,66.66666666666667,25.0,0,61.29032258064516,
0,0,63.63636363636363,46.666666666666664,0.0,57.89473684210526,14.285714285714286,0,67.74193548387096,25.0,0,59.375,
0,0,65.21739130434783,48.38709677419355,0.0,57.89473684210526,14.285714285714286,0,65.625,25.0,0,57.57575757575758,
0,0,62.5,48.38709677419355,0.0,57.89473684210526,20.0,0,66.66666666666667,25.0,0,55.88235294117647,
0,0,62.5,46.875,0.0,57.89473684210526,18.75,0,67.6470588235294,25.0,0,57.142857142857146,
0,0,60.0,48.484848484848484,0.0,57.89473684210526,18.75,0,65.71428571428571,25.0,0,58.333333333333336,
0,0,57.69230769230769,50.0,0.0,57.89473684210526,17.647058823529413,0,66.66666666666667,25.0,0,58.333333333333336,
0,0,57.69230769230769,51.42857142857143,0.0,57.89473684210526,16.666666666666668,0,67.56756756756756,25.0,0,56.75675675675676,
0,0,57.69230769230769,50.0,0.0,57.89473684210526,21.05263157894737,0,68.42105263157895,25.0,0,55.26315789473684,
0,0,57.69230769230769,50.0,0.0,55.0,20.0,0,69.23076923076923,28.571428571428573,0,55.26315789473684,
0,0,57.69230769230769,51.351351351351354,0.0,52.38095238095238,20.0,0,69.23076923076923,27.272727272727273,0,56.41025641025641,
0,0,57.69230769230769,50.0,0.0,52.38095238095238,19.047619047619047,0,70.0,27.272727272727273,0,57.5,
0,0,57.69230769230769,48.717948717948715,0.0,54.54545454545455,19.047619047619047,0,70.73170731707317,26.08695652173913,0,57.5,
0,0,57.69230769230769,48.717948717948715,0.0,56.52173913043478,19.047619047619047,0,69.04761904761905,25.0,0,58.53658536585366,
0,0,57.69230769230769,50.0,0.0,58.333333333333336,19.047619047619047,0,69.04761904761905,24.0,0,57.142857142857146,
0,0,57.69230769230769,51.21951219512195,0.0,58.333333333333336,19.047619047619047,0,69.76744186046511,24.0,0.0,55.81395348837209,
0,0,57.69230769230769,51.21951219512195,0.0,60.0,19.047619047619047,100.0,69.76744186046511,23.076923076923077,0.0,55.81395348837209,
0,0,57.69230769230769,50.0,0.0,60.0,19.047619047619047,100.0,70.45454545454545,23.076923076923077,0.0,56.81818181818182,
0,0,57.69230769230769,50.0,16.666666666666668,60.0,19.047619047619047,50.0,70.45454545454545,23.076923076923077,0.0,57.77777777777778,
0,0,57.69230769230769,48.83720930232558,16.666666666666668,61.53846153846154,19.047619047619047,50.0,71.11111111111111,22.22222222222222,0.0,57.77777777777778,
0,0,57.69230769230769,50.0,16.666666666666668,61.53846153846154,19.047619047619047,66.66666666666667,69.56521739130434,22.22222222222222,0.0,57.77777777777778,
0,0,57.69230769230769,50.0,14.285714285714286,59.25925925925926,19.047619047619047,66.66666666666667,69.56521739130434,25.0,0.0,58.69565217391305,
0,0,57.69230769230769,51.111111111111114,14.285714285714286,59.25925925925926,19.047619047619047,50.0,68.08510638297872,25.0,0.0,59.57446808510638,
0,0,57.69230769230769,51.111111111111114,25.0,57.142857142857146,19.047619047619047,50.0,68.08510638297872,27.586206896551722,0.0,59.57446808510638,
0,0,57.69230769230769,52.17391304347826,25.0,57.142857142857146,19.047619047619047,40.0,68.75,27.586206896551722,0.0,58.333333333333336,
0,0,57.69230769230769,52.17391304347826,33.333333333333336,58.62068965517241,19.047619047619047,40.0,68.75,26.666666666666668,0.0,58.333333333333336,
0,0,57.69230769230769,52.17391304347826,30.0,58.62068965517241,19.047619047619047,33.333333333333336,68.75,26.666666666666668,14.285714285714286,59.183673469387756,
0,0,57.69230769230769,53.191489361702125,30.0,60.0,19.047619047619047,33.333333333333336,67.34693877551021,25.806451612903224,14.285714285714286,59.183673469387756,
0,0,59.25925925925926,54.166666666666664,30.0,58.064516129032256,19.047619047619047,33.333333333333336,67.34693877551021,25.806451612903224,14.285714285714286,58.0,
0,0,60.714285714285715,53.06122448979592,30.0,56.25,19.047619047619047,33.333333333333336,67.34693877551021,25.806451612903224,14.285714285714286,58.8235294117647,
0,0,58.62068965517241,54.0,30.0,54.54545454545455,19.047619047619047,33.333333333333336,67.34693877551021,25.806451612903224,14.285714285714286,59.61538461538461,
0,0,56.666666666666664,54.90196078431372,30.0,52.94117647058823,19.047619047619047,33.333333333333336,67.34693877551021,25.806451612903224,14.285714285714286,60.37735849056604,
0,0,58.064516129032256,53.84615384615385,30.0,51.42857142857143,19.047619047619047,33.333333333333336,67.34693877551021,25.806451612903224,14.285714285714286,61.111111111111114,
0,0,56.25,52.83018867924528,30.0,52.77777777777778,19.047619047619047,33.333333333333336,67.34693877551021,25.806451612903224,14.285714285714286,61.81818181818182,
0,0,57.57575757575758,52.83018867924528,30.0,52.77777777777778,19.047619047619047,33.333333333333336,68.0,25.0,14.285714285714286,60.714285714285715,
0,0,58.8235294117647,52.83018867924528,30.0,51.351351351351354,19.047619047619047,33.333333333333336,66.66666666666667,25.0,14.285714285714286,61.40350877192982,
0,0,58.8235294117647,52.83018867924528,30.0,50.0,19.047619047619047,33.333333333333336,67.3076923076923,24.242424242424242,14.285714285714286,62.06896551724138,
0,0,60.0,52.83018867924528,30.0,48.717948717948715,19.047619047619047,33.333333333333336,67.3076923076923,26.470588235294116,14.285714285714286,61.016949152542374,
0,0,61.111111111111114,52.83018867924528,30.0,50.0,19.047619047619047,33.333333333333336,66.0377358490566,25.714285714285715,14.285714285714286,61.016949152542374,
0,0,59.45945945945946,52.83018867924528,30.0,50.0,19.047619047619047,33.333333333333336,64.81481481481481,27.77777777777778,14.285714285714286,61.666666666666664,
0,0,60.526315789473685,52.83018867924528,30.0,50.0,19.047619047619047,33.333333333333336,63.63636363636363,29.72972972972973,14.285714285714286,60.65573770491803,
0,0,60.526315789473685,52.83018867924528,27.272727272727273,51.21951219512195,19.047619047619047,33.333333333333336,62.5,31.57894736842105,14.285714285714286,60.65573770491803,
0,0,58.97435897435897,52.83018867924528,27.272727272727273,52.38095238095238,19.047619047619047,33.333333333333336,63.1578947368421,30.76923076923077,14.285714285714286,60.65573770491803,
0,0,57.5,52.83018867924528,25.0,52.38095238095238,19.047619047619047,33.333333333333336,63.793103448275865,32.5,14.285714285714286,60.65573770491803,
0,0,58.53658536585366,52.83018867924528,23.076923076923077,52.38095238095238,19.047619047619047,33.333333333333336,64.40677966101696,31.70731707317073,14.285714285714286,60.65573770491803,
0,0,57.142857142857146,52.83018867924528,21.428571428571427,52.38095238095238,19.047619047619047,33.333333333333336,65.0,33.333333333333336,14.285714285714286,60.65573770491803,
0,0,58.13953488372093,52.83018867924528,20.0,52.38095238095238,19.047619047619047,33.333333333333336,63.9344262295082,34.883720930232556,14.285714285714286,60.65573770491803,
0,0,59.09090909090909,52.83018867924528,18.75,52.38095238095238,19.047619047619047,33.333333333333336,64.51612903225806,34.09090909090909,14.285714285714286,60.65573770491803,
0,0,60.0,51.851851851851855,18.75,52.38095238095238,19.047619047619047,33.333333333333336,65.07936507936508,34.09090909090909,14.285714285714286,59.67741935483871,
0,0,60.869565217391305,52.72727272727273,18.75,52.38095238095238,19.047619047619047,33.333333333333336,64.0625,34.09090909090909,14.285714285714286,58.73015873015873,
0,0,61.702127659574465,51.785714285714285,18.75,52.38095238095238,19.047619047619047,33.333333333333336,63.07692307692308,34.09090909090909,14.285714285714286,59.375,
0,0,60.416666666666664,52.63157894736842,18.75,52.38095238095238,19.047619047619047,33.333333333333336,63.63636363636363,34.09090909090909,14.285714285714286,58.46153846153846,
0,0,61.224489795918366,53.44827586206897,18.75,52.38095238095238,19.047619047619047,33.333333333333336,62.6865671641791,34.09090909090909,14.285714285714286,57.57575757575758,
0,0,60.0,54.23728813559322,18.75,52.38095238095238,19.047619047619047,33.333333333333336,61.76470588235294,34.09090909090909,14.285714285714286,58.208955223880594,
0,0,60.78431372549019,53.333333333333336,18.75,52.38095238095238,19.047619047619047,42.857142857142854,60.869565217391305,34.09090909090909,14.285714285714286,58.208955223880594,
0,0,60.78431372549019,53.333333333333336,18.75,52.38095238095238,19.047619047619047,37.5,61.42857142857143,33.333333333333336,14.285714285714286,58.8235294117647,
0,0,59.61538461538461,54.09836065573771,18.75,52.38095238095238,19.047619047619047,37.5,61.42857142857143,32.608695652173914,14.285714285714286,59.42028985507246,
0,0,59.61538461538461,54.83870967741935,18.75,52.38095238095238,19.047619047619047,33.333333333333336,61.971830985915496,32.608695652173914,14.285714285714286,58.57142857142857,
0,0,60.37735849056604,54.83870967741935,18.75,52.38095238095238,19.047619047619047,30.0,62.5,31.914893617021278,14.285714285714286,58.57142857142857,
0,0,61.111111111111114,53.96825396825397,18.75,52.38095238095238,19.047619047619047,30.0,62.5,31.25,14.285714285714286,59.15492957746479,
0,0,61.111111111111114,54.6875,18.75,52.38095238095238,19.047619047619047,27.272727272727273,61.64383561643836,31.25,14.285714285714286,59.72222222222222,
0,0,61.111111111111114,55.38461538461539,18.75,52.38095238095238,18.181818181818183,27.272727272727273,60.810810810810814,31.25,14.285714285714286,60.273972602739725,
0,0,61.111111111111114,56.06060606060606,18.75,52.38095238095238,17.391304347826086,27.272727272727273,61.333333333333336,31.25,14.285714285714286,59.45945945945946,
0,0,61.111111111111114,56.06060606060606,18.75,52.38095238095238,16.666666666666668,27.272727272727273,60.526315789473685,32.6530612244898,14.285714285714286,60.0,
0,0,61.111111111111114,55.223880597014926,18.75,52.38095238095238,16.666666666666668,27.272727272727273,61.03896103896104,32.0,14.285714285714286,60.526315789473685,
0,0,61.111111111111114,55.88235294117647,18.75,52.38095238095238,20.0,27.272727272727273,60.256410256410255,31.372549019607842,14.285714285714286,60.526315789473685,
0,0,61.111111111111114,56.52173913043478,18.75,52.38095238095238,19.23076923076923,27.272727272727273,60.256410256410255,30.76923076923077,14.285714285714286,61.03896103896104,
0,0,61.111111111111114,57.142857142857146,18.75,52.38095238095238,19.23076923076923,27.272727272727273,59.49367088607595,32.075471698113205,14.285714285714286,60.256410256410255,
0,0,61.111111111111114,56.33802816901409,18.75,52.38095238095238,19.23076923076923,27.272727272727273,58.75,33.333333333333336,14.285714285714286,60.75949367088607,
0,0,61.111111111111114,56.94444444444444,18.75,52.38095238095238,19.23076923076923,27.272727272727273,58.02469135802469,32.72727272727273,14.285714285714286,61.25,
0,0,61.111111111111114,57.534246575342465,18.75,52.38095238095238,19.23076923076923,27.272727272727273,57.31707317073171,33.92857142857143,14.285714285714286,60.49382716049383,
0,0,61.111111111111114,56.75675675675676,18.75,52.38095238095238,19.23076923076923,27.272727272727273,56.626506024096386,35.08771929824562,14.285714285714286,60.97560975609756,
0,0,61.111111111111114,56.0,18.75,52.38095238095238,19.23076923076923,27.272727272727273,57.142857142857146,34.48275862068966,14.285714285714286,61.44578313253012,
0,0,61.81818181818182,55.26315789473684,17.647058823529413,52.38095238095238,19.23076923076923,27.272727272727273,57.142857142857146,34.48275862068966,14.285714285714286,61.904761904761905,
0,0,62.5,55.84415584415584,16.666666666666668,52.38095238095238,19.23076923076923,27.272727272727273,57.142857142857146,34.48275862068966,14.285714285714286,61.1764705882353,
0,0,61.40350877192982,56.41025641025641,15.789473684210526,52.38095238095238,19.23076923076923,27.272727272727273,57.142857142857146,34.48275862068966,14.285714285714286,61.627906976744185,
0,0,62.06896551724138,55.69620253164557,15.0,52.38095238095238,19.23076923076923,27.272727272727273,57.142857142857146,34.48275862068966,14.285714285714286,62.06896551724138,
0,0,62.71186440677966,56.25,14.285714285714286,52.38095238095238,19.23076923076923,27.272727272727273,57.142857142857146,34.48275862068966,14.285714285714286,61.36363636363637,
0,0,61.666666666666664,56.79012345679013,13.636363636363637,52.38095238095238,19.23076923076923,27.272727272727273,57.142857142857146,34.48275862068966,14.285714285714286,61.79775280898876,
0,0,61.666666666666664,56.09756097560975,17.391304347826086,52.38095238095238,18.51851851851852,27.272727272727273,57.142857142857146,34.48275862068966,14.285714285714286,62.22222222222222,
0,0.0,60.65573770491803,56.09756097560975,20.833333333333332,52.38095238095238,18.51851851851852,27.272727272727273,57.142857142857146,34.48275862068966,14.285714285714286,62.637362637362635,
0,0.0,61.29032258064516,56.626506024096386,20.833333333333332,52.38095238095238,17.857142857142858,27.272727272727273,57.142857142857146,34.48275862068966,14.285714285714286,62.637362637362635,
0.0,0.0,61.29032258064516,57.142857142857146,24.0,52.38095238095238,17.857142857142858,27.272727272727273,57.142857142857146,34.48275862068966,14.285714285714286,61.95652173913044,
0.0,33.333333333333336,61.904761904761905,57.142857142857146,24.0,52.38095238095238,17.24137931034483,27.272727272727273,57.142857142857146,34.48275862068966,14.285714285714286,61.29032258064516,
50.0,33.333333333333336,60.9375,57.64705882352941,23.076923076923077,52.38095238095238,17.24137931034483,27.272727272727273,57.142857142857146,34.48275862068966,14.285714285714286,61.29032258064516,
50.0,25.0,60.9375,58.13953488372093,23.076923076923077,52.38095238095238,16.666666666666668,27.272727272727273,57.142857142857146,34.48275862068966,14.285714285714286,61.702127659574465,
33.333333333333336,25.0,61.53846153846154,58.13953488372093,22.22222222222222,52.38095238095238,16.666666666666668,27.272727272727273,57.142857142857146,34.48275862068966,14.285714285714286,62.10526315789474,
33.333333333333336,20.0,62.121212121212125,58.62068965517241,21.428571428571427,52.38095238095238,16.666666666666668,27.272727272727273,57.142857142857146,34.48275862068966,14.285714285714286,62.10526315789474,
33.333333333333336,33.333333333333336,62.121212121212125,58.62068965517241,21.428571428571427,52.38095238095238,16.129032258064516,27.272727272727273,57.64705882352941,34.48275862068966,14.285714285714286,61.458333333333336,
33.333333333333336,42.857142857142854,61.19402985074627,58.62068965517241,21.428571428571427,52.38095238095238,15.625,27.272727272727273,57.64705882352941,34.48275862068966,14.285714285714286,61.855670103092784,
33.333333333333336,42.857142857142854,61.76470588235294,58.62068965517241,21.428571428571427,52.38095238095238,15.151515151515152,27.272727272727273,56.97674418604651,34.48275862068966,14.285714285714286,62.244897959183675,
33.333333333333336,37.5,60.869565217391305,58.62068965517241,21.428571428571427,52.38095238095238,15.151515151515152,27.272727272727273,57.47126436781609,34.48275862068966,14.285714285714286,62.62626262626262,
33.333333333333336,33.333333333333336,61.42857142857143,58.62068965517241,21.428571428571427,52.38095238095238,14.705882352941176,27.272727272727273,57.95454545454545,34.48275862068966,14.285714285714286,62.62626262626262,
33.333333333333336,30.0,61.42857142857143,58.62068965517241,21.428571428571427,52.38095238095238,17.142857142857142,27.272727272727273,57.30337078651685,34.48275862068966,14.285714285714286,63.0,
33.333333333333336,27.272727272727273,60.563380281690144,58.62068965517241,21.428571428571427,52.38095238095238,17.142857142857142,27.272727272727273,57.77777777777778,34.48275862068966,14.285714285714286,63.366336633663366,
33.333333333333336,27.272727272727273,61.111111111111114,58.62068965517241,21.428571428571427,52.38095238095238,16.666666666666668,27.272727272727273,57.142857142857146,34.48275862068966,14.285714285714286,63.72549019607843,
33.333333333333336,27.272727272727273,60.273972602739725,58.62068965517241,21.428571428571427,52.38095238095238,16.216216216216218,27.272727272727273,57.608695652173914,34.48275862068966,14.285714285714286,64.07766990291262,
33.333333333333336,27.272727272727273,60.273972602739725,59.09090909090909,21.428571428571427,52.38095238095238,15.789473684210526,27.272727272727273,56.98924731182796,35.59322033898305,14.285714285714286,64.07766990291262,
33.333333333333336,27.272727272727273,60.273972602739725,58.42696629213483,21.428571428571427,52.38095238095238,15.384615384615385,27.272727272727273,57.4468085106383,35.59322033898305,14.285714285714286,64.42307692307692,
33.333333333333336,27.272727272727273,60.273972602739725,58.888888888888886,21.428571428571427,52.38095238095238,15.384615384615385,27.272727272727273,57.89473684210526,35.0,14.285714285714286,63.80952380952381,
33.333333333333336,27.272727272727273,60.273972602739725,58.888888888888886,21.428571428571427,52.38095238095238,15.0,27.272727272727273,58.333333333333336,36.0655737704918,14.285714285714286,63.20754716981132,
33.333333333333336,27.272727272727273,60.273972602739725,59.34065934065934,21.428571428571427,52.38095238095238,14.634146341463415,27.272727272727273,58.333333333333336,35.483870967741936,14.285714285714286,63.55140186915888,
33.333333333333336,27.272727272727273,60.273972602739725,59.78260869565217,21.428571428571427,52.38095238095238,14.285714285714286,27.272727272727273,57.7319587628866,36.507936507936506,14.285714285714286,63.55140186915888,
33.333333333333336,27.272727272727273,60.273972602739725,60.215053763440864,21.428571428571427,52.38095238095238,14.285714285714286,27.272727272727273,58.16326530612245,35.9375,14.285714285714286,62.96296296296296,
33.333333333333336,27.272727272727273,60.273972602739725,59.57446808510638,21.428571428571427,52.38095238095238,13.953488372093023,27.272727272727273,58.58585858585859,35.9375,14.285714285714286,63.30275229357798,
33.333333333333336,27.272727272727273,60.273972602739725,58.94736842105263,20.689655172413794,52.38095238095238,13.953488372093023,27.272727272727273,58.58585858585859,36.92307692307692,14.285714285714286,63.63636363636363,
33.333333333333336,27.272727272727273,60.273972602739725,59.375,20.0,52.38095238095238,13.953488372093023,27.272727272727273,58.58585858585859,37.878787878787875,14.285714285714286,63.06306306306306,
33.333333333333336,27.272727272727273,60.273972602739725,59.79381443298969,19.35483870967742,52.38095238095238,13.953488372093023,27.272727272727273,58.58585858585859,37.3134328358209,14.285714285714286,63.392857142857146,
33.333333333333336,27.272727272727273,60.273972602739725,59.183673469387756,18.75,52.38095238095238,13.953488372093023,27.272727272727273,58.58585858585859,38.23529411764706,14.285714285714286,63.716814159292035,
33.333333333333336,27.272727272727273,60.273972602739725,59.5959595959596,18.181818181818183,52.38095238095238,13.953488372093023,27.272727272727273,58.58585858585859,39.130434782608695,14.285714285714286,63.1578947368421,
33.333333333333336,27.272727272727273,60.273972602739725,60.0,17.647058823529413,52.38095238095238,13.953488372093023,27.272727272727273,58.58585858585859,38.57142857142857,14.285714285714286,63.47826086956522,
33.333333333333336,27.272727272727273,60.273972602739725,60.396039603960396,17.142857142857142,52.38095238095238,13.953488372093023,27.272727272727273,58.58585858585859,39.436619718309856,14.285714285714286,62.93103448275862,
33.333333333333336,27.272727272727273,60.273972602739725,59.80392156862745,17.142857142857142,52.38095238095238,13.953488372093023,25.0,59.0,39.436619718309856,14.285714285714286,63.24786324786325,
33.333333333333336,27.272727272727273,60.273972602739725,60.19417475728155,17.142857142857142,52.38095238095238,13.953488372093023,23.076923076923077,58.415841584158414,39.436619718309856,14.285714285714286,63.559322033898304,
33.333333333333336,27.272727272727273,60.273972602739725,59.61538461538461,17.142857142857142,52.38095238095238,13.953488372093023,28.571428571428573,57.84313725490196,39.436619718309856,14.285714285714286,63.865546218487395,
33.333333333333336,27.272727272727273,60.273972602739725,60.0,17.142857142857142,52.38095238095238,13.953488372093023,26.666666666666668,58.25242718446602,39.436619718309856,14.285714285714286,63.333333333333336,
33.333333333333336,27.272727272727273,60.273972602739725,60.37735849056604,17.142857142857142,52.38095238095238,13.953488372093023,25.0,57.69230769230769,39.436619718309856,14.285714285714286,63.63636363636363,
33.333333333333336,27.272727272727273,60.273972602739725,59.81308411214953,17.142857142857142,52.38095238095238,13.953488372093023,23.529411764705884,58.095238095238095,39.436619718309856,14.285714285714286,63.9344262295082,
33.333333333333336,27.272727272727273,60.273972602739725,60.18518518518518,17.142857142857142,52.38095238095238,13.636363636363637,23.529411764705884,58.095238095238095,38.888888888888886,14.285714285714286,64.22764227642277,
33.333333333333336,25.0,60.273972602739725,59.63302752293578,17.142857142857142,52.38095238095238,15.555555555555555,23.529411764705884,58.095238095238095,38.888888888888886,14.285714285714286,64.51612903225806,
33.333333333333336,23.076923076923077,60.273972602739725,60.0,17.142857142857142,52.38095238095238,15.555555555555555,23.529411764705884,58.095238095238095,39.726027397260275,14.285714285714286,64.0,
33.333333333333336,23.076923076923077,60.273972602739725,59.45945945945946,17.142857142857142,52.38095238095238,15.217391304347826,23.529411764705884,58.095238095238095,40.54054054054054,14.285714285714286,64.28571428571429,
33.333333333333336,21.428571428571427,60.273972602739725,59.82142857142857,17.142857142857142,52.38095238095238,15.217391304347826,23.529411764705884,58.095238095238095,40.0,14.285714285714286,64.56692913385827,
33.333333333333336,20.0,60.273972602739725,60.176991150442475,17.142857142857142,52.38095238095238,17.02127659574468,23.529411764705884,58.095238095238095,39.473684210526315,14.285714285714286,64.56692913385827,
33.333333333333336,20.0,60.273972602739725,60.526315789473685,16.666666666666668,52.38095238095238,16.666666666666668,27.77777777777778,58.095238095238095,39.473684210526315,14.285714285714286,64.56692913385827,
33.333333333333336,20.0,60.273972602739725,60.869565217391305,16.666666666666668,52.38095238095238,16.666666666666668,26.31578947368421,58.095238095238095,40.25974025974026,14.285714285714286,64.0625,
33.333333333333336,20.0,60.273972602739725,60.869565217391305,18.91891891891892,52.38095238095238,16.3265306122449,26.31578947368421,58.095238095238095,39.743589743589745,14.285714285714286,64.34108527131782,
33.333333333333336,20.0,60.273972602739725,60.3448275862069,18.42105263157895,52.38095238095238,18.0,30.0,58.095238095238095,39.743589743589745,14.285714285714286,64.34108527131782,
33.333333333333336,20.0,60.273972602739725,60.68376068376068,18.42105263157895,52.38095238095238,18.0,28.571428571428573,58.095238095238095,39.24050632911393,14.285714285714286,64.61538461538461,
33.333333333333336,20.0,60.273972602739725,60.68376068376068,17.94871794871795,52.38095238095238,17.647058823529413,28.571428571428573,58.095238095238095,40.0,14.285714285714286,64.8854961832061,
33.333333333333336,20.0,60.273972602739725,61.016949152542374,17.5,52.38095238095238,19.23076923076923,27.272727272727273,58.095238095238095,40.0,14.285714285714286,64.8854961832061,
33.333333333333336,20.0,60.273972602739725,61.016949152542374,17.073170731707318,52.38095238095238,19.23076923076923,30.434782608695652,58.095238095238095,39.50617283950617,14.285714285714286,65.15151515151516,
33.333333333333336,20.0,60.273972602739725,61.016949152542374,16.666666666666668,52.38095238095238,19.23076923076923,33.333333333333336,58.095238095238095,40.24390243902439,14.285714285714286,64.66165413533835,
33.333333333333336,20.0,59.45945945945946,61.34453781512605,16.666666666666668,52.38095238095238,18.867924528301888,33.333333333333336,58.490566037735846,40.24390243902439,14.285714285714286,64.66165413533835,
33.333333333333336,20.0,60.0,60.833333333333336,16.666666666666668,52.38095238095238,18.51851851851852,33.333333333333336,58.490566037735846,40.24390243902439,14.285714285714286,64.92537313432835,
33.333333333333336,20.0,60.526315789473685,61.15702479338843,16.666666666666668,52.38095238095238,18.51851851851852,33.333333333333336,57.94392523364486,40.24390243902439,14.285714285714286,64.44444444444444,
33.333333333333336,20.0,59.74025974025974,61.15702479338843,16.666666666666668,52.38095238095238,20.0,33.333333333333336,57.407407407407405,40.24390243902439,14.285714285714286,64.70588235294117,
33.333333333333336,20.0,59.74025974025974,61.47540983606557,16.666666666666668,52.38095238095238,19.642857142857142,33.333333333333336,56.88073394495413,40.24390243902439,14.285714285714286,64.96350364963503,
33.333333333333336,20.0,60.256410256410255,61.78861788617886,16.666666666666668,52.38095238095238,19.29824561403509,33.333333333333336,56.88073394495413,40.24390243902439,14.285714285714286,64.4927536231884,
33.333333333333336,20.0,60.75949367088607,62.096774193548384,16.666666666666668,52.38095238095238,18.96551724137931,33.333333333333336,56.88073394495413,40.24390243902439,14.285714285714286,64.02877697841727,
33.333333333333336,20.0,60.0,62.4,16.666666666666668,52.38095238095238,18.64406779661017,33.333333333333336,56.88073394495413,40.24390243902439,14.285714285714286,64.28571428571429,
33.333333333333336,20.0,59.25925925925926,62.4,16.666666666666668,52.38095238095238,18.333333333333332,33.333333333333336,56.88073394495413,40.963855421686745,14.285714285714286,64.53900709219859,
33.333333333333336,20.0,58.53658536585366,62.4,16.666666666666668,52.38095238095238,19.672131147540984,33.333333333333336,56.88073394495413,40.476190476190474,14.285714285714286,64.78873239436619,
33.333333333333336,20.0,59.036144578313255,62.4,16.666666666666668,52.38095238095238,19.35483870967742,33.333333333333336,56.88073394495413,40.0,14.285714285714286,65.03496503496504,
33.333333333333336,20.0,58.333333333333336,62.4,16.666666666666668,52.38095238095238,20.634920634920636,33.333333333333336,56.88073394495413,39.53488372093023,14.285714285714286,65.27777777777777,
33.333333333333336,20.0,58.8235294117647,62.4,16.666666666666668,52.38095238095238,20.3125,33.333333333333336,56.88073394495413,39.08045977011494,14.285714285714286,65.51724137931035,
33.333333333333336,20.0,59.30232558139535,62.4,16.666666666666668,52.38095238095238,20.0,33.333333333333336,56.88073394495413,39.77272727272727,14.285714285714286,65.06849315068493,
33.333333333333336,20.0,59.30232558139535,62.698412698412696,16.27906976744186,52.38095238095238,20.0,36.0,56.88073394495413,39.77272727272727,14.285714285714286,64.62585034013605,
33.333333333333336,20.0,58.62068965517241,62.99212598425197,16.27906976744186,52.38095238095238,20.0,34.61538461538461,56.88073394495413,40.449438202247194,14.285714285714286,64.62585034013605,
33.333333333333336,20.0,57.95454545454545,62.99212598425197,15.909090909090908,52.38095238095238,20.0,34.61538461538461,56.88073394495413,41.111111111111114,14.285714285714286,64.86486486486487,
33.333333333333336,20.0,57.95454545454545,62.5,15.555555555555555,52.38095238095238,20.0,37.03703703703704,56.88073394495413,41.111111111111114,14.285714285714286,65.1006711409396,
33.333333333333336,20.0,58.42696629213483,62.7906976744186,15.555555555555555,52.38095238095238,20.0,35.714285714285715,56.88073394495413,40.65934065934066,14.285714285714286,65.1006711409396,
33.333333333333336,20.0,58.42696629213483,63.07692307692308,15.217391304347826,52.38095238095238,20.0,35.714285714285715,56.88073394495413,41.30434782608695,14.285714285714286,64.66666666666667,
33.333333333333336,20.0,58.42696629213483,63.07692307692308,14.893617021276595,52.38095238095238,20.0,37.93103448275862,56.88073394495413,40.86021505376344,14.285714285714286,64.90066225165563,
33.333333333333336,20.0,58.42696629213483,63.3587786259542,14.583333333333334,52.38095238095238,20.0,36.666666666666664,56.88073394495413,40.86021505376344,14.285714285714286,65.13157894736842,
33.333333333333336,20.0,58.42696629213483,62.878787878787875,16.3265306122449,52.38095238095238,20.0,36.666666666666664,56.88073394495413,40.42553191489362,14.285714285714286,65.359477124183,
33.333333333333336,20.0,58.42696629213483,62.40601503759399,16.0,52.38095238095238,20.0,36.666666666666664,56.88073394495413,41.05263157894737,14.285714285714286,65.58441558441558,
33.333333333333336,20.0,58.42696629213483,62.6865671641791,15.686274509803921,52.38095238095238,20.0,36.666666666666664,56.88073394495413,40.625,14.285714285714286,65.80645161290323,
33.333333333333336,20.0,58.42696629213483,62.96296296296296,15.384615384615385,52.38095238095238,20.0,36.666666666666664,56.88073394495413,41.23711340206186,14.285714285714286,65.38461538461539,
33.333333333333336,20.0,58.42696629213483,62.5,15.09433962264151,52.38095238095238,20.0,36.666666666666664,56.88073394495413,41.83673469387755,14.285714285714286,65.60509554140127,
33.333333333333336,20.0,58.42696629213483,62.77372262773723,14.814814814814815,52.38095238095238,20.0,36.666666666666664,56.88073394495413,41.41414141414141,14.285714285714286,65.82278481012658,
33.333333333333336,20.0,58.42696629213483,63.04347826086956,14.545454545454545,52.38095238095238,20.0,36.666666666666664,56.88073394495413,42.0,14.285714285714286,65.40880503144655,
33.333333333333336,20.0,57.77777777777778,63.30935251798561,16.071428571428573,52.38095238095238,20.0,35.483870967741936,56.88073394495413,42.0,14.285714285714286,65.40880503144655,
33.333333333333336,20.0,57.142857142857146,63.57142857142857,15.789473684210526,52.38095238095238,20.0,35.483870967741936,56.88073394495413,42.57425742574257,14.285714285714286,65.40880503144655,
33.333333333333336,20.0,57.142857142857146,63.829787234042556,15.517241379310345,52.38095238095238,20.0,37.5,56.88073394495413,42.15686274509804,14.285714285714286,65.40880503144655,
33.333333333333336,20.0,56.52173913043478,64.08450704225352,15.517241379310345,52.38095238095238,20.0,39.39393939393939,56.88073394495413,41.74757281553398,14.285714285714286,65.40880503144655,
33.333333333333336,20.0,55.913978494623656,64.08450704225352,15.254237288135593,52.38095238095238,20.0,41.1764705882353,56.88073394495413,42.30769230769231,14.285714285714286,65.40880503144655,
33.333333333333336,20.0,56.38297872340426,64.33566433566433,15.0,52.38095238095238,20.0,41.1764705882353,56.88073394495413,41.904761904761905,14.285714285714286,65.40880503144655,
33.333333333333336,20.0,56.38297872340426,64.58333333333333,16.39344262295082,52.38095238095238,20.0,40.0,56.88073394495413,41.509433962264154,14.285714285714286,65.40880503144655,
33.333333333333336,20.0,56.38297872340426,64.82758620689656,16.39344262295082,52.38095238095238,19.696969696969695,41.666666666666664,56.88073394495413,41.509433962264154,14.285714285714286,65.0,
33.333333333333336,20.0,56.8421052631579,64.38356164383562,16.39344262295082,52.38095238095238,19.402985074626866,41.666666666666664,56.88073394495413,41.509433962264154,14.285714285714286,65.21739130434783,
33.333333333333336,20.0,57.291666666666664,64.62585034013605,16.39344262295082,52.38095238095238,19.402985074626866,40.54054054054054,56.88073394495413,41.509433962264154,14.285714285714286,64.81481481481481,
33.333333333333336,20.0,56.70103092783505,64.86486486486487,16.39344262295082,52.38095238095238,19.11764705882353,40.54054054054054,56.88073394495413,41.509433962264154,14.285714285714286,65.03067484662577,
33.333333333333336,20.0,57.142857142857146,64.86486486486487,16.39344262295082,52.38095238095238,18.840579710144926,42.10526315789474,56.88073394495413,41.509433962264154,14.285714285714286,64.63414634146342,
33.333333333333336,20.0,57.57575757575758,65.1006711409396,16.39344262295082,52.38095238095238,18.571428571428573,42.10526315789474,56.88073394495413,41.509433962264154,14.285714285714286,64.24242424242425,
33.333333333333336,20.0,58.0,64.66666666666667,16.39344262295082,52.38095238095238,18.309859154929576,42.10526315789474,56.88073394495413,41.509433962264154,14.285714285714286,64.4578313253012,
33.333333333333336,20.0,57.42574257425743,64.90066225165563,16.39344262295082,52.38095238095238,18.055555555555557,42.10526315789474,56.88073394495413,41.509433962264154,14.285714285714286,64.67065868263474,
33.333333333333336,20.0,57.84313725490196,65.13157894736842,16.39344262295082,52.38095238095238,17.80821917808219,42.10526315789474,56.88073394495413,41.509433962264154,14.285714285714286,64.28571428571429,
33.333333333333336,20.0,58.25242718446602,64.70588235294117,16.39344262295082,52.38095238095238,17.56756756756757,42.10526315789474,56.88073394495413,41.509433962264154,14.285714285714286,64.49704142011835,
33.333333333333336,20.0,57.69230769230769,64.93506493506493,16.39344262295082,52.38095238095238,17.333333333333332,42.10526315789474,56.88073394495413,41.509433962264154,14.285714285714286,64.70588235294117,
33.333333333333336,20.0,57.69230769230769,65.16129032258064,16.39344262295082,52.38095238095238,17.105263157894736,42.10526315789474,56.88073394495413,42.05607476635514,14.285714285714286,64.32748538011695,
33.333333333333336,20.0,58.095238095238095,65.38461538461539,16.39344262295082,52.38095238095238,17.105263157894736,41.02564102564103,56.88073394495413,41.666666666666664,14.285714285714286,64.32748538011695,
33.333333333333336,20.0,58.490566037735846,65.38461538461539,16.39344262295082,52.38095238095238,18.181818181818183,40.0,56.88073394495413,41.666666666666664,14.285714285714286,63.95348837209303,
33.333333333333336,20.0,58.490566037735846,64.96815286624204,16.39344262295082,52.38095238095238,18.181818181818183,39.02439024390244,56.88073394495413,42.20183486238532,14.285714285714286,64.16184971098266,
33.333333333333336,20.0,58.87850467289719,64.55696202531645,16.39344262295082,52.38095238095238,17.94871794871795,39.02439024390244,56.88073394495413,42.72727272727273,14.285714285714286,64.16184971098266,
33.333333333333336,20.0,58.333333333333336,64.55696202531645,16.39344262295082,52.38095238095238,18.9873417721519,38.095238095238095,56.88073394495413,42.72727272727273,14.285714285714286,64.36781609195403,
33.333333333333336,20.0,58.71559633027523,64.15094339622641,16.39344262295082,52.38095238095238,18.9873417721519,38.095238095238095,56.88073394495413,42.34234234234234,14.285714285714286,64.57142857142857,
33.333333333333336,20.0,58.71559633027523,64.15094339622641,16.129032258064516,52.38095238095238,18.9873417721519,39.53488372093023,57.27272727272727,41.964285714285715,14.285714285714286,64.57142857142857,
33.333333333333336,20.0,58.71559633027523,64.15094339622641,17.46031746031746,52.38095238095238,18.75,39.53488372093023,57.65765765765766,41.5929203539823,14.285714285714286,64.57142857142857,
33.333333333333336,20.0,59.09090909090909,64.15094339622641,17.46031746031746,52.38095238095238,18.51851851851852,39.53488372093023,57.142857142857146,42.10526315789474,14.285714285714286,64.57142857142857,
33.333333333333336,20.0,59.45945945945946,64.15094339622641,17.1875,52.38095238095238,18.29268292682927,39.53488372093023,57.52212389380531,42.10526315789474,14.285714285714286,64.57142857142857,
33.333333333333336,20.0,58.92857142857143,64.15094339622641,16.923076923076923,52.38095238095238,18.29268292682927,39.53488372093023,57.89473684210526,42.608695652173914,14.285714285714286,64.57142857142857,
33.333333333333336,20.0,59.29203539823009,64.15094339622641,16.666666666666668,52.38095238095238,19.27710843373494,39.53488372093023,57.89473684210526,42.241379310344826,14.285714285714286,64.57142857142857,
33.333333333333336,20.0,58.771929824561404,64.15094339622641,16.417910447761194,52.38095238095238,19.27710843373494,39.53488372093023,58.26086956521739,42.73504273504273,14.285714285714286,64.57142857142857,
33.333333333333336,20.0,59.130434782608695,64.15094339622641,16.176470588235293,52.38095238095238,19.27710843373494,39.53488372093023,57.758620689655174,43.220338983050844,14.285714285714286,64.57142857142857,
33.333333333333336,20.0,58.62068965517241,64.15094339622641,15.942028985507246,52.38095238095238,19.27710843373494,39.53488372093023,58.11965811965812,43.69747899159664,14.285714285714286,64.57142857142857,
33.333333333333336,20.0,58.97435897435897,64.15094339622641,15.714285714285714,52.38095238095238,19.27710843373494,39.53488372093023,58.47457627118644,43.333333333333336,14.285714285714286,64.57142857142857,
33.333333333333336,20.0,59.32203389830509,64.15094339622641,15.492957746478874,52.38095238095238,19.27710843373494,39.53488372093023,58.8235294117647,42.97520661157025,14.285714285714286,64.57142857142857,
33.333333333333336,20.0,58.8235294117647,64.15094339622641,15.277777777777779,52.38095238095238,19.27710843373494,39.53488372093023,59.166666666666664,43.442622950819676,14.285714285714286,64.57142857142857,
